<?xml version="1.0" encoding="UTF-8"?>
<GenRun Id="impl_1" LaunchPart="xc7z010clg400-1" LaunchTime="1751441298">
  <File Type="WBT-USG" Name="usage_statistics_webtalk.html"/>
  <File Type="BITSTR-SYSDEF" Name="i2c_master.sysdef"/>
  <File Type="BITSTR-LTX" Name="debug_nets.ltx"/>
  <File Type="BITSTR-LTX" Name="i2c_master.ltx"/>
  <File Type="BG-BGN" Name="i2c_master.bgn"/>
  <File Type="RNPI_FILE" Name="i2c_master.rnpi"/>
  <File Type="BG-DRC" Name="i2c_master.drc"/>
  <File Type="CFI_FILE" Name="i2c_master.cfi"/>
  <File Type="RCFI_FILE" Name="i2c_master.rcfi"/>
  <File Type="BITSTR-MMI" Name="i2c_master.mmi"/>
  <File Type="BITSTR-BMM" Name="i2c_master_bd.bmm"/>
  <File Type="BITSTR-NKY" Name="i2c_master.nky"/>
  <File Type="BITSTR-RBT" Name="i2c_master.rbt"/>
  <File Type="RBD_FILE" Name="i2c_master.rbd"/>
  <File Type="BITSTR-MSK" Name="i2c_master.msk"/>
  <File Type="NPI_FILE" Name="i2c_master.npi"/>
  <File Type="BG-BIN" Name="i2c_master.bin"/>
  <File Type="PDI-FILE" Name="i2c_master.pdi"/>
  <File Type="BG-BIT" Name="i2c_master.bit"/>
  <File Type="POSTROUTE-PHYSOPT-BUS-SKEW-RPX" Name="i2c_master_bus_skew_postroute_physopted.rpx"/>
  <File Type="POSTROUTE-PHYSOPT-BUS-SKEW-PB" Name="i2c_master_bus_skew_postroute_physopted.pb"/>
  <File Type="POSTROUTE-PHYSOPT-BUS-SKEW" Name="i2c_master_bus_skew_postroute_physopted.rpt"/>
  <File Type="POSTROUTE-PHYSOPT-TIMING-RPX" Name="i2c_master_timing_summary_postroute_physopted.rpx"/>
  <File Type="RDI-RDI" Name="i2c_master.vdi"/>
  <File Type="POSTROUTE-PHYSOPT-TIMING-PB" Name="i2c_master_timing_summary_postroute_physopted.pb"/>
  <File Type="POSTROUTE-PHYSOPT-TIMING" Name="i2c_master_timing_summary_postroute_physopted.rpt"/>
  <File Type="POSTROUTE-PHYSOPT-BLACKBOX-DCP" Name="i2c_master_postroute_physopt_bb.dcp"/>
  <File Type="POSTROUTE-PHYSOPT-DCP" Name="i2c_master_postroute_physopt.dcp"/>
  <File Type="ROUTE-BUS-SKEW" Name="i2c_master_bus_skew_routed.rpt"/>
  <File Type="ROUTE-CLK" Name="i2c_master_clock_utilization_routed.rpt"/>
  <File Type="ROUTE-SIMILARITY" Name="i2c_master_incremental_reuse_routed.rpt"/>
  <File Type="ROUTE-TIMING-RPX" Name="i2c_master_timing_summary_routed.rpx"/>
  <File Type="ROUTE-TIMING-PB" Name="i2c_master_timing_summary_routed.pb"/>
  <File Type="ROUTE-TIMINGSUMMARY" Name="i2c_master_timing_summary_routed.rpt"/>
  <File Type="ROUTE-STATUS-PB" Name="i2c_master_route_status.pb"/>
  <File Type="ROUTE-STATUS" Name="i2c_master_route_status.rpt"/>
  <File Type="ROUTE-PWR-RPX" Name="i2c_master_power_routed.rpx"/>
  <File Type="ROUTE-PWR-SUM" Name="i2c_master_power_summary_routed.pb"/>
  <File Type="ROUTE-PWR" Name="i2c_master_power_routed.rpt"/>
  <File Type="ROUTE-METHODOLOGY-DRC-PB" Name="i2c_master_methodology_drc_routed.pb"/>
  <File Type="ROUTE-METHODOLOGY-DRC-RPX" Name="i2c_master_methodology_drc_routed.rpx"/>
  <File Type="ROUTE-METHODOLOGY-DRC" Name="i2c_master_methodology_drc_routed.rpt"/>
  <File Type="ROUTE-DRC-RPX" Name="i2c_master_drc_routed.rpx"/>
  <File Type="ROUTE-DRC-PB" Name="i2c_master_drc_routed.pb"/>
  <File Type="ROUTE-DRC" Name="i2c_master_drc_routed.rpt"/>
  <File Type="ROUTE-BLACKBOX-DCP" Name="i2c_master_routed_bb.dcp"/>
  <File Type="ROUTE-DCP" Name="i2c_master_routed.dcp"/>
  <File Type="ROUTE-ERROR-DCP" Name="i2c_master_routed_error.dcp"/>
  <File Type="PHYSOPT-TIMING" Name="i2c_master_timing_summary_physopted.rpt"/>
  <File Type="PHYSOPT-DRC" Name="i2c_master_drc_physopted.rpt"/>
  <File Type="PHYSOPT-DCP" Name="i2c_master_physopt.dcp"/>
  <File Type="POSTPLACE-PWROPT-TIMING" Name="i2c_master_timing_summary_postplace_pwropted.rpt"/>
  <File Type="POSTPLACE-PWROPT-DCP" Name="i2c_master_postplace_pwropt.dcp"/>
  <File Type="PLACE-TIMING" Name="i2c_master_timing_summary_placed.rpt"/>
  <File Type="PLACE-PRE-SIMILARITY" Name="i2c_master_incremental_reuse_pre_placed.rpt"/>
  <File Type="PLACE-SIMILARITY" Name="i2c_master_incremental_reuse_placed.rpt"/>
  <File Type="PLACE-CTRL" Name="i2c_master_control_sets_placed.rpt"/>
  <File Type="PLACE-UTIL-PB" Name="i2c_master_utilization_placed.pb"/>
  <File Type="PLACE-UTIL" Name="i2c_master_utilization_placed.rpt"/>
  <File Type="PLACE-CLK" Name="i2c_master_clock_utilization_placed.rpt"/>
  <File Type="PLACE-IO" Name="i2c_master_io_placed.rpt"/>
  <File Type="PLACE-DCP" Name="i2c_master_placed.dcp"/>
  <File Type="PWROPT-TIMING" Name="i2c_master_timing_summary_pwropted.rpt"/>
  <File Type="PWROPT-DRC" Name="i2c_master_drc_pwropted.rpt"/>
  <File Type="PWROPT-DCP" Name="i2c_master_pwropt.dcp"/>
  <File Type="OPT-TIMING" Name="i2c_master_timing_summary_opted.rpt"/>
  <File Type="OPT-HWDEF" Name="i2c_master.hwdef"/>
  <File Type="OPT-METHODOLOGY-DRC" Name="i2c_master_methodology_drc_opted.rpt"/>
  <File Type="OPT-DRC" Name="i2c_master_drc_opted.rpt"/>
  <File Type="OPT-DCP" Name="i2c_master_opt.dcp"/>
  <File Type="INIT-TIMING" Name="i2c_master_timing_summary_init.rpt"/>
  <File Type="ROUTE-BUS-SKEW-RPX" Name="i2c_master_bus_skew_routed.rpx"/>
  <File Type="REPORTS-TCL" Name="i2c_master_reports.tcl"/>
  <File Type="ROUTE-BUS-SKEW-PB" Name="i2c_master_bus_skew_routed.pb"/>
  <File Type="PA-TCL" Name="i2c_master.tcl"/>
  <FileSet Name="sources" Type="DesignSrcs" RelSrcDir="$PSRCDIR/sources_1" RelGenDir="$PGENDIR/sources_1">
    <Filter Type="Srcs"/>
    <File Path="$PSRCDIR/sources_1/new/i2c_master.v">
      <FileInfo>
        <Attr Name="UsedIn" Val="synthesis"/>
        <Attr Name="UsedIn" Val="implementation"/>
        <Attr Name="UsedIn" Val="simulation"/>
      </FileInfo>
    </File>
    <Config>
      <Option Name="DesignMode" Val="RTL"/>
      <Option Name="TopModule" Val="i2c_master"/>
      <Option Name="TopAutoSet" Val="TRUE"/>
    </Config>
  </FileSet>
  <FileSet Name="constrs_in" Type="Constrs" RelSrcDir="$PSRCDIR/constrs_1">
    <Filter Type="Constrs"/>
    <File Path="$PSRCDIR/constrs_1/new/abc.xdc">
      <FileInfo>
        <Attr Name="UsedIn" Val="synthesis"/>
        <Attr Name="UsedIn" Val="implementation"/>
      </FileInfo>
    </File>
    <Config>
      <Option Name="ConstrsType" Val="XDC"/>
    </Config>
  </FileSet>
  <FileSet Name="utils" Type="Utils" RelSrcDir="$PSRCDIR/utils_1">
    <Filter Type="Utils"/>
    <File Path="$PSRCDIR/utils_1/imports/synth_1/i2c_master.dcp">
      <FileInfo>
        <Attr Name="UsedIn" Val="synthesis"/>
        <Attr Name="UsedIn" Val="implementation"/>
        <Attr Name="UsedInSteps" Val="synth_1"/>
        <Attr Name="AutoDcp" Val="1"/>
      </FileInfo>
    </File>
    <Config>
      <Option Name="TopAutoSet" Val="TRUE"/>
    </Config>
  </FileSet>
  <Strategy Version="1" Minor="2">
    <StratHandle Name="Vivado Implementation Defaults" Flow="Vivado Implementation 2021"/>
    <Step Id="init_design"/>
    <Step Id="opt_design"/>
    <Step Id="power_opt_design"/>
    <Step Id="place_design"/>
    <Step Id="post_place_power_opt_design"/>
    <Step Id="phys_opt_design"/>
    <Step Id="route_design"/>
    <Step Id="post_route_phys_opt_design"/>
    <Step Id="write_bitstream"/>
  </Strategy>
  <BlockFileSet Type="BlockSrcs" Name="clk_wiz_0"/>
</GenRun>
